{
  "negative": {
    "precision": 0.6911764705882353,
    "recall": 0.7704918032786885,
    "f1-score": 0.7286821705426356,
    "support": 61.0
  },
  "neutral": {
    "precision": 0.8315412186379928,
    "recall": 0.8055555555555556,
    "f1-score": 0.818342151675485,
    "support": 288.0
  },
  "positive": {
    "precision": 0.644927536231884,
    "recall": 0.6544117647058824,
    "f1-score": 0.6496350364963503,
    "support": 136.0
  },
  "accuracy": 0.7587628865979381,
  "macro avg": {
    "precision": 0.7225484084860373,
    "recall": 0.7434863745133754,
    "f1-score": 0.732219786238157,
    "support": 485.0
  },
  "weighted avg": {
    "precision": 0.7615583105178567,
    "recall": 0.7587628865979381,
    "f1-score": 0.7597577671116372,
    "support": 485.0
  }
}